use HotelDB
go

INSERT INTO RoomTypes VALUES ('Single',1, 15);
INSERT INTO RoomTypes VALUES ('Double Room',2, 25);
INSERT INTO RoomTypes VALUES ('Apartment',4, 50);
INSERT INTO RoomTypes VALUES ('Pent House',10, 150);

INSERT INTO Rooms VALUES (1,'Single',0, 0);
INSERT INTO Rooms VALUES (2,'Double Room',0, 0);
INSERT INTO Rooms VALUES (3,'Apartment',0, 0);
INSERT INTO Rooms VALUES (4, 'Pent House',0, 0);
INSERT INTO Rooms VALUES (5,'Single',0, 0);
INSERT INTO Rooms VALUES (6,'Double Room',0, 0);
INSERT INTO Rooms VALUES (7,'Apartment',0, 0);
INSERT INTO Rooms VALUES (8, 'Apartment',0,0);
INSERT INTO Rooms VALUES (9,'Apartment',0,0);
INSERT INTO Rooms VALUES (10, 'Single',0, 0);
INSERT INTO Rooms VALUES (11,'Double Room',0,0);
INSERT INTO Rooms VALUES (12,'Apartment',0,0);
INSERT INTO Rooms VALUES (13, 'Single',0, 0);
INSERT INTO Rooms VALUES (14,'Apartment',0, 0);
INSERT INTO Rooms VALUES (15, 'Single',0, 0);


INSERT INTO Guests VALUES ('Guest1', 'Corona', 'Virus', 'NONE');
INSERT INTO Guests VALUES ('Guest2', 'Jane', 'Dowson', 'NONE');
INSERT INTO Guests VALUES ('Guest3', 'Mark', 'Anthony', 'NONE');
INSERT INTO Guests VALUES ('Guest4', 'Димитър', 'Вапцаров', 'NONE');
INSERT INTO Guests VALUES ('Guest5', 'Иван', 'Иванов', 'NONE');
INSERT INTO Guests VALUES ('Guest6', 'Кирил', 'Антонов', 'NONE');
INSERT INTO Guests VALUES ('Guest7', 'Jimmy', 'Carr', 'NONE');
INSERT INTO Guests VALUES ('Guest8', 'Gabriel', 'Iglesias', 'NONE');
INSERT INTO Guests VALUES ('Guest9', 'Stephen', 'King', 'NONE');
INSERT INTO Guests VALUES ('Guest10', 'Daniel', 'Torrance','NONE');
